0,nospec_no_specifier_test,1607209589,0
1,nospec_empty_string,1607209589,0
2,nospec_some_escaped_chars,1607209589,0
3,nospec_successive_5_5,1607209589,0
4,nospec_successive_2_9,1607209589,0
5,nospec_successive_8_3,1607209589,0
6,pct_basic,1607209589,1607163811
7,pct_5w,1607209589,1607163811
8,pct_5wlj,1607209589,1607163811
9,pct_5wzp,1607209589,1607163811
10,pct_5wljzp,1607209589,1607163811
16,c_allprintable_combined,1607212311,1607117136
17,c_1_31_combined,1607212311,1607117136
18,c_128_255_combined,1607212311,1607117136
19,c_allprintable_width,1607212311,1607117136
20,c_1_31_width,1607212311,1607117136
21,c_128_255_width,1607212311,1607117136
22,c_allprintable_width_lj,1607212311,1607117136
23,c_1_31_width_lj,1607212311,1607117136
24,c_128_255_width_lj,1607212311,1607117136
25,c_nullterm_basic,1607212311,1607117136
26,c_nullterm_5w,1607212311,1607117136
27,c_nullterm_5wlj,1607212311,1607117136
28,s_basic_string_expansion,1607212313,1607117118
29,s_only_string_expansion,1607212313,1607117118
30,s_two_string_expansions,1607212313,1607117118
31,s_two_string_expansions2,1607212313,1607117118
32,s_empty_string_expansion,1607212313,1607117118
33,s_full_then_empty_string,1607212313,1607117118
34,s_empty_then_full_string,1607212313,1607117118
35,s_three_strings,1607212313,1607117118
36,s_space_padded_field_width,1607212313,1607117118
37,s_space_padded_field_width2,1607212313,1607117118
38,s_space_padded_over_field_width,1607212313,1607117118
39,s_space_padded_field_width_lj,1607212313,1607117118
40,s_space_padded_field_width2_lj,1607212313,1607117118
41,s_space_padded_over_field_width_lj,1607212313,1607117118
42,s_string_prec_notrunc,1607212313,1607117118
43,s_string_prec_trunc,1607212313,1607117118
44,s_string_prec_default,1607212313,1607117118
45,s_string_prec_zero,1607212313,1607117118
46,s_two_strings_prec_2trunc,1607212313,1607117118
47,s_two_strings_prec_1trunc_a,1607212313,1607117118
48,s_two_strings_prec_1trunc_b,1607212313,1607117118
49,s_two_strings_prec_0trunc,1607212313,1607117118
50,s_string_prec_width_notrunc,1607212313,1607117118
51,s_string_prec_width_trunc,1607212313,1607117118
52,s_string_prec_width_notrunc_lj,1607212313,1607117118
53,s_string_prec_width_trunc_lj,1607212313,1607117118
54,s_two_s_prec_width_2fit_0trunc,1607212313,1607117118
55,s_two_s_prec_width_1fit_a_0trunc,1607212313,1607117118
56,s_two_s_prec_width_1fit_b_0trunc,1607212313,1607117118
57,s_two_s_prec_width_0fit_0trunc,1607212313,1607117118
58,s_two_s_prec_width_2fit_1trunc_a,1607212313,1607117118
59,s_two_s_prec_width_1fit_a_1trunc_a,1607212313,1607117118
60,s_two_s_prec_width_1fit_b_1trunc_a,1607212313,1607117118
61,s_two_s_prec_width_0fit_1trunc_a,1607212313,1607117118
62,s_two_s_prec_width_2fit_1trunc_b,1607212313,1607117118
63,s_two_s_prec_width_1fit_a_1trunc_b,1607212313,1607117118
64,s_two_s_prec_width_1fit_b_1trunc_b,1607212313,1607117118
65,s_two_s_prec_width_0fit_1trunc_b,1607212313,1607117118
66,s_two_s_prec_width_2fit_2trunc,1607212313,1607117118
67,s_two_s_prec_width_1fit_a_2trunc,1607212313,1607117118
68,s_two_s_prec_width_1fit_b_2trunc,1607212313,1607117118
69,s_two_s_prec_width_0fit_2trunc,1607212313,1607117118
70,s_two_s_prec_width_2trunc,1607212313,1607117118
71,s_two_strings_lj_and_rj,1607212313,1607117118
72,s_two_strings_rj_and_lj,1607212313,1607117118
73,s_null_basic_string_expansion,1607212313,1607117118
74,s_null_only_string_expansion,1607212313,1607117118
75,s_null_space_padded_field_width,1607212313,1607117118
76,s_null_space_padded_over_field_width,1607212313,1607117118
77,s_null_space_padded_field_width_lj,1607212313,1607117118
78,s_null_space_padded_field_width2_lj,1607212313,1607117118
79,s_null_space_padded_over_field_width_lj,1607212313,1607117118
80,s_null_string_prec_notrunc,1607212313,1607117118
81,s_null_string_prec_trunc,1607212313,1607117118
82,s_null_string_prec_default,1607212313,1607117118
83,s_null_string_prec_zero,1607212313,1607117118
84,s_basic_s_hidden,1607212313,1607117118
85,s_width_3_s_hidden,1607212313,1607117118
86,s_width_9_s_hidden,1607212313,1607117118
87,s_prec_no_width_s_hidden,1607212313,1607117118
88,s_prec_9_no_width_s_hidden,1607212313,1607117118
89,s_prec_03_no_width_s_hidden,1607212313,1607117118
90,s_prec_09_no_width_s_hidden,1607212313,1607117118
91,s_prec_03_no_width_s_null,1607212313,1607117118
92,s_prec_09_no_width_s_null,1607212313,1607117118
93,s_prec_00_no_width_s_nullchar,1607212313,1607117118
94,s_prec_01_no_width_s_nullchar,1607212313,1607117118
95,s_prec_03_no_width_s_nullchar,1607212313,1607117118
96,s_prec_09_no_width_s_nullchar,1607212313,1607117118
97,s_prec_0_width_3_s_hidden,1607212313,1607117118
98,s_prec_0_width_10_s_hidden,1607212313,1607117118
99,s_prec_0_width_3_s_null,1607212313,1607117118
100,s_prec_0_width_10_s_null,1607212313,1607117118
101,s_prec_0_width_1_s_nullchar,1607212313,1607117118
102,s_prec_0_width_2_s_nullchar,1607212313,1607117118
103,s_prec_0_width_9_s_nullchar,1607212313,1607117118
104,s_prec_0_lj_width_3_s_hidden,1607212313,1607117118
105,s_prec_0_lj_width_8_s_hidden,1607212313,1607117118
106,s_prec_0_lj_width_3_s_null,1607212313,1607117118
107,s_prec_0_lj_width_8_s_null,1607212313,1607117118
108,s_prec_0_lj_width_1_s_nullchar,1607212313,1607117118
109,s_prec_0_lj_width_2_s_nullchar,1607212313,1607117118
110,s_prec_0_lj_width_6_s_nullchar,1607212313,1607117118
111,s_prec_1_width_3_s_hidden,1607212313,1607117118
112,s_prec_1_width_10_s_hidden,1607212313,1607117118
113,s_prec_1_width_3_s_null,1607212313,1607117118
114,s_prec_1_width_9_s_null,1607212313,1607117118
115,s_prec_1_lj_width_3_s_hidden,1607212313,1607117118
116,s_prec_1_lj_width_10_s_hidden,1607212313,1607117118
117,s_prec_1_lj_width_3_s_null,1607212313,1607117118
118,s_prec_1_lj_width_9_s_null,1607212313,1607117118
119,s_prec_1_lj_width_3_s_nullchar,1607212313,1607117118
120,s_prec_1_lj_width_6_s_nullchar,1607212313,1607117118
121,s_prec_perfect_width_3_s_hidden,1607212313,1607117118
122,s_prec_perfect_width_20_s_hidden,1607212313,1607117118
123,s_prec_perfect_width_3_s_null,1607212313,1607117118
124,s_prec_perfect_width_20_s_null,1607212313,1607117118
125,s_prec_perfect_width_3_s_nullchar,1607212313,1607117118
126,s_prec_perfect_width_6_s_nullchar,1607212313,1607117118
127,s_prec_perfect_lj_width_3_s_hidden,1607212313,1607117118
128,s_prec_perfect_lj_width_20_s_hidden,1607212313,1607117118
129,s_prec_8_lj_width_3_s_hidden,1607212313,1607117118
130,s_prec_8_lj_width_10_s_hidden,1607212313,1607117118
131,s_prec_8_lj_width_3_s_null,1607212313,1607117118
132,s_prec_8_lj_width_10_s_null,1607212313,1607117118
133,s_prec_00_lj_s_hidden_trunc,1607212313,1607117118
134,s_prec_09_lj_s_hidden_notrunc,1607212313,1607117118
173,p_null,1607209589,1607163811
178,p_ftfc_5w_throwswarning,1607209589,1607163811
179,p_basic,1607209589,1607163811
180,p_width_fit,1607209589,1607163811
181,p_width_nofit,1607209589,1607163811
182,p_width_16,1607209589,1607163811
183,p_width_8,1607209589,1607163811
184,p_width_32,1607209589,1607163811
185,p_width_fit_lj,1607209589,1607163811
186,p_width_nofit_lj,1607209589,1607163811
187,p_width_16_lj,1607209589,1607163811
188,p_width_8_lj,1607209589,1607163811
189,p_width_32_lj,1607209589,1607163811
190,d_basic_pos,1607212325,0
191,d_basic_neg,1607212325,1607210770
192,d_basic_zero,1607212325,0
193,d_basic_onlypos,1607212325,0
194,d_basic_onlyneg,1607212325,1607210770
195,d_basic_onlyzero,1607212325,0
196,d_intmax,1607212325,0
197,d_intmin,1607212325,0
198,d_width_pos_fits,1607212325,0
199,d_width_neg_fits,1607212325,1607210770
200,d_width_zero_fits,1607212325,0
201,d_width_pos_exactfit,1607212325,0
202,d_width_neg_exactfit,1607212325,1607210770
203,d_width_pos_nofit,1607212325,0
204,d_width_neg_nofit,1607212325,1607210770
205,d_width_pos_fits_lj,1607212325,0
206,d_width_neg_fits_lj,1607212325,0
207,d_width_zero_fits_lj,1607212325,0
208,d_width_pos_exactfit_lj,1607212325,0
209,d_width_neg_exactfit_lj,1607212325,0
210,d_width_pos_nofit_lj,1607212325,0
211,d_width_neg_nofit_lj,1607212325,0
212,d_prec_fits_pos,1607212325,0
213,d_prec_fits_neg,1607212325,0
214,d_prec_fits_zero,1607212325,0
215,d_prec_exactfit_pos,1607212325,0
216,d_prec_exactfit_neg,1607212325,1607210770
217,d_prec_nofit_pos,1607212325,0
218,d_prec_nofit_neg,1607212325,1607210770
219,d_zp_pos_fits,1607212325,0
220,d_zp_neg_fits,1607212325,0
221,d_zp_zero_fits,1607212325,0
222,d_zp_pos_exactfit,1607212325,0
223,d_zp_neg_exactfit,1607212325,0
224,d_zp_neg_minus1fit,1607212325,0
225,d_prec_width_fit_fit_pos,1607212325,0
226,d_prec_width_fit_fit_neg,1607212325,1607210718
227,d_prec_width_fit_fit_zero,1607212325,0
228,d_prec_width_nofit_fit_pos,1607212325,0
229,d_prec_width_nofit_fit_neg,1607212325,1607210770
230,d_prec_width_fit_nofit_pos,1607212325,0
231,d_prec_width_fit_nofit_neg,1607212325,0
232,d_prec_width_nofit_nofit_pos,1607212325,0
233,d_prec_width_nofit_nofit_neg,1607212325,1607210770
234,d_prec_width_fit_fit_pos_lj,1607212325,0
235,d_prec_width_fit_fit_neg_lj,1607212325,0
236,d_prec_width_fit_fit_zero_lj,1607212325,0
237,d_prec_width_nofit_fit_pos_lj,1607212325,0
238,d_prec_width_nofit_fit_neg_lj,1607212325,0
239,d_prec_width_fit_nofit_pos_lj,1607212325,0
240,d_prec_width_fit_nofit_neg_lj,1607212325,0
241,d_prec_width_nofit_nofit_pos_lj,1607212325,0
242,d_prec_width_nofit_nofit_neg_lj,1607212325,0
243,d_prec_width_ff_pos_zp,1607212325,1607210633
244,d_prec_width_ff_neg_zp,1607212325,1607210718
245,d_prec_width_ff_zero_zp,1607212325,1607210633
246,d_prec_width_nf_pos_zp,1607212325,1607210910
247,d_prec_width_nf_neg_zp,1607212325,1607210910
248,d_prec_width_fn_pos_zp,1607212325,0
249,d_prec_width_fn_neg_zp,1607212325,0
250,d_prec_width_nn_pos_zp,1607212325,0
251,d_prec_width_nn_neg_zp,1607212325,1607210770
252,d_prec_width_ff_pos_lj_zp_ignoreflag,1607212325,0
253,d_prec_width_ff_neg_ljzp_ignoreflag,1607212325,0
254,d_prec_width_ff_zero_ljzp_ignoreflag,1607212325,0
255,d_prec_width_nf_pos_ljzp_ignoreflag,1607212325,0
256,d_prec_width_nf_neg_ljzp_ignoreflag,1607212325,0
257,d_prec_width_fn_pos_ljzp_ignoreflag,1607212325,0
258,d_prec_width_fn_neg_ljzp_ignoreflag,1607212325,0
259,d_prec_width_nn_pos_ljzp_ignoreflag,1607212325,0
260,d_prec_width_nn_neg_ljzp_ignoreflag,1607212325,0
261,d_prec0val0_basic,1607212325,0
262,d_prec0val0_implicit,1607212325,0
263,d_prec0val0_w,1607212325,0
264,d_prec0val0_w_impl,1607212325,0
265,d_prec0val0_wlj,1607212325,0
266,d_prec0val0_wlj_impl,1607212325,0
267,i_basic_pos,1607212322,0
268,i_basic_neg,1607212322,0
269,i_basic_zero,1607212322,0
270,i_basic_onlypos,1607212322,0
271,i_basic_onlyneg,1607212322,0
272,i_basic_onlyzero,1607212322,0
273,i_intmax,1607212322,0
274,i_intmin,1607212322,0
275,i_width_pos_fits,1607212322,0
276,i_width_neg_fits,1607212322,0
277,i_width_zero_fits,1607212322,0
278,i_width_pos_exactfit,1607212322,0
279,i_width_neg_exactfit,1607212322,0
280,i_width_pos_nofit,1607212322,0
281,i_width_neg_nofit,1607212322,0
282,i_width_pos_fits_lj,1607212322,0
283,i_width_neg_fits_lj,1607212322,0
284,i_width_zero_fits_lj,1607212322,0
285,i_width_pos_exactfit_lj,1607212322,0
286,i_width_neg_exactfit_lj,1607212322,0
287,i_width_pos_nofit_lj,1607212322,0
288,i_width_neg_nofit_lj,1607212322,0
289,i_prec_fits_pos,1607212322,0
290,i_prec_fits_neg,1607212322,0
291,i_prec_fits_zero,1607212322,0
292,i_prec_exactfit_pos,1607212322,0
293,i_prec_exactfit_neg,1607212322,0
294,i_prec_nofit_pos,1607212322,0
295,i_prec_nofit_neg,1607212322,0
296,i_zp_pos_fits,1607212322,0
297,i_zp_neg_fits,1607212322,0
298,i_zp_zero_fits,1607212322,0
299,i_zp_pos_exactfit,1607212322,0
300,i_zp_neg_exactfit,1607212322,0
301,i_zp_neg_minus1fit,1607212322,0
302,i_prec_width_fit_fit_pos,1607212322,0
303,i_prec_width_fit_fit_neg,1607212322,0
304,i_prec_width_fit_fit_zero,1607212322,0
305,i_prec_width_nofit_fit_pos,1607212322,0
306,i_prec_width_nofit_fit_neg,1607212322,0
307,i_prec_width_fit_nofit_pos,1607212322,0
308,i_prec_width_fit_nofit_neg,1607212322,0
309,i_prec_width_nofit_nofit_pos,1607212322,0
310,i_prec_width_nofit_nofit_neg,1607212322,0
311,i_prec_width_fit_fit_pos_lj,1607212322,0
312,i_prec_width_fit_fit_neg_lj,1607212322,0
313,i_prec_width_fit_fit_zero_lj,1607212322,0
314,i_prec_width_nofit_fit_pos_lj,1607212322,0
315,i_prec_width_nofit_fit_neg_lj,1607212322,0
316,i_prec_width_fit_nofit_pos_lj,1607212322,0
317,i_prec_width_fit_nofit_neg_lj,1607212322,0
318,i_prec_width_nofit_nofit_pos_lj,1607212322,0
319,i_prec_width_nofit_nofit_neg_lj,1607212322,0
320,i_prec_width_ff_pos_zp,1607212322,0
321,i_prec_width_ff_neg_zp,1607212322,0
322,i_prec_width_ff_zero_zp,1607212322,0
323,i_prec_width_nf_pos_zp,1607212322,0
324,i_prec_width_nf_neg_zp,1607212322,0
325,i_prec_width_fn_pos_zp,1607212322,0
326,i_prec_width_fn_neg_zp,1607212322,0
327,i_prec_width_nn_pos_zp,1607212322,0
328,i_prec_width_nn_neg_zp,1607212322,0
329,i_prec_width_ff_pos_lj_zp_ignoreflag,1607212322,0
330,i_prec_width_ff_neg_ljzp_ignoreflag,1607212322,0
331,i_prec_width_ff_zero_ljzp_ignoreflag,1607212322,0
332,i_prec_width_nf_pos_ljzp_ignoreflag,1607212322,0
333,i_prec_width_nf_neg_ljzp_ignoreflag,1607212322,0
334,i_prec_width_fn_pos_ljzp_ignoreflag,1607212322,0
335,i_prec_width_fn_neg_ljzp_ignoreflag,1607212322,0
336,i_prec_width_nn_pos_ljzp_ignoreflag,1607212322,0
337,i_prec_width_nn_neg_ljzp_ignoreflag,1607212322,0
338,i_prec0val0_basic,1607212322,0
339,i_prec0val0_implicit,1607212322,0
340,i_prec0val0_w,1607212322,0
341,i_prec0val0_w_impl,1607212322,0
342,i_prec0val0_wlj,1607212322,0
343,i_prec0val0_wlj_impl,1607212322,0
344,u_basic_pos,1607212318,0
345,u_basic_zero,1607212318,0
346,u_basic_onlypos,1607212318,0
347,u_uintmax,1607212318,0
348,u_width_pos_fits,1607212318,0
349,u_width_zero_fits,1607212318,0
350,u_width_pos_exactfit,1607212318,0
351,u_width_pos_nofit,1607212318,0
352,u_width_pos_fits_lj,1607212318,0
353,u_width_zero_fits_lj,1607212318,0
354,u_width_pos_exactfit_lj,1607212318,0
355,u_width_pos_nofit_lj,1607212318,0
356,u_prec_fits_pos,1607212318,0
357,u_prec_fits_zero,1607212318,0
358,u_prec_exactfit_pos,1607212318,0
359,u_prec_nofit_pos,1607212318,0
360,u_zp_pos_fits,1607212318,0
361,u_zp_zero_fits,1607212318,0
362,u_zp_pos_exactfit,1607212318,0
363,u_prec_width_fit_fit_pos,1607212318,0
364,u_prec_width_fit_fit_zero,1607212318,0
365,u_prec_width_nofit_fit_pos,1607212318,1607090589
366,u_prec_width_fit_nofit_pos,1607212318,0
367,u_prec_width_nofit_nofit_pos,1607212318,0
368,u_prec_width_fit_fit_pos_lj,1607212318,0
369,u_prec_width_fit_fit_zero_lj,1607212318,0
370,u_prec_width_nofit_fit_pos_lj,1607212318,0
371,u_prec_width_fit_nofit_pos_lj,1607212318,0
372,u_prec_width_nofit_nofit_pos_lj,1607212318,0
373,u_prec_width_ff_pos_zp,1607212318,1607090784
374,u_prec_width_ff_zero_zp,1607212318,1607090784
375,u_prec_width_nf_pos_zp,1607212318,1607090784
376,u_prec_width_fn_pos_zp,1607212318,0
377,u_prec_width_nn_pos_zp,1607212318,0
378,u_prec_width_ff_pos_ljzp_ignoreflag,1607212318,0
379,u_prec_width_ff_zero_ljzp_ignoreflag,1607212318,0
380,u_prec_width_nf_pos_ljzp_ignoreflag,1607212318,0
381,u_prec_width_fn_pos_ljzp_ignoreflag,1607212318,0
382,u_prec_width_nn_pos_ljzp_ignoreflag,1607212318,0
383,u_prec0val0_basic,1607212318,0
384,u_prec0val0_implicit,1607212318,0
385,u_prec0val0_w,1607212318,0
386,u_prec0val0_w_impl,1607212318,0
387,u_prec0val0_wlj,1607212318,0
388,u_prec0val0_wlj_impl,1607212318,0
389,x_basic_pos,1607212314,1607113799
390,x_basic_zero,1607212314,1607113799
391,x_basic_onlypos,1607212314,1607113799
392,x_hexlmax,1607212314,1607113799
393,x_width_pos_fits,1607212314,1607115698
394,x_width_zero_fits,1607212314,1607115698
395,x_width_pos_exactfit,1607212314,1607115698
396,x_width_pos_nofit,1607212314,1607113799
397,x_width_pos_fits_lj,1607212314,1607113799
398,x_width_zero_fits_lj,1607212314,1607113799
399,x_width_pos_exactfit_lj,1607212314,1607113799
400,x_width_pos_nofit_lj,1607212314,1607113799
401,x_prec_fits_pos,1607212314,1607113799
402,x_prec_fits_zero,1607212314,1607113799
403,x_prec_exactfit_pos,1607212314,1607113799
404,x_prec_nofit_pos,1607212314,1607113799
405,x_zp_pos_fits,1607212314,1607115765
406,x_zp_zero_fits,1607212314,1607115765
407,x_zp_pos_exactfit,1607212314,1607113799
408,x_prec_width_fit_fit_pos,1607212314,1607114582
409,x_prec_width_fit_fit_zero,1607212314,1607114582
410,x_prec_width_nofit_fit_pos,1607212314,1607114799
411,x_prec_width_fit_nofit_pos,1607212314,1607113799
412,x_prec_width_nofit_nofit_pos,1607212314,1607113799
413,x_prec_width_fit_fit_pos_lj,1607212314,1607113799
414,x_prec_width_fit_fit_zero_lj,1607212314,1607113799
415,x_prec_width_nofit_fit_pos_lj,1607212314,1607113799
416,x_prec_width_fit_nofit_pos_lj,1607212314,1607113799
417,x_prec_width_nofit_nofit_pos_lj,1607212314,1607113799
418,x_prec_width_ff_pos_zp,1607212314,1607115714
419,x_prec_width_ff_zero_zp,1607212314,1607115714
420,x_prec_width_nf_pos_zp,1607212314,1607115714
421,x_prec_width_fn_pos_zp,1607212314,1607113799
422,x_prec_width_nn_pos_zp,1607212314,1607113799
423,x_prec_width_ff_pos_ljzp_ignoreflag,1607212314,1607113799
424,x_prec_width_ff_zero_ljzp_ignoreflag,1607212314,1607113799
425,x_prec_width_nf_pos_ljzp_ignoreflag,1607212314,1607113799
426,x_prec_width_fn_pos_ljzp_ignoreflag,1607212314,1607113799
427,x_prec_width_nn_pos_ljzp_ignoreflag,1607212314,1607113799
428,x_prec0val0_basic,1607212314,0
429,x_prec0val0_implicit,1607212314,0
430,x_prec0val0_w,1607212314,1607113799
431,x_prec0val0_w_impl,1607212314,1607113799
432,x_prec0val0_wlj,1607212314,1607113799
433,x_prec0val0_wlj_impl,1607212314,1607113799
434,X_basic_hexu_pos,1607212316,1607113836
435,X_basic_hexu_zero,1607212316,1607113836
436,X_basic_hexu_onlypos,1607212316,1607113836
437,X_hexumax,1607212316,1607113836
438,X_width_pos_fits,1607212316,1607113836
439,X_width_zero_fits,1607212316,1607113836
440,X_width_pos_exactfit,1607212316,1607113836
441,X_width_pos_nofit,1607212316,1607113836
442,X_width_pos_fits_lj,1607212316,1607113836
443,X_width_zero_fits_lj,1607212316,1607113836
444,X_width_pos_exactfit_lj,1607212316,1607113836
445,X_width_pos_nofit_lj,1607212316,1607113836
446,X_prec_fits_pos,1607212316,1607113836
447,X_prec_fits_zero,1607212316,1607113836
448,X_prec_exactfit_pos,1607212316,1607113836
449,X_prec_nofit_pos,1607212316,1607113836
450,X_zp_pos_fits,1607212316,1607113836
451,X_zp_zero_fits,1607212316,1607113836
452,X_zp_pos_exactfit,1607212316,1607113836
453,X_prec_width_fit_fit_pos,1607212316,1607113904
454,X_prec_width_fit_fit_zero,1607212316,1607113904
455,X_prec_width_nofit_fit_pos,1607212316,1607114809
456,X_prec_width_fit_nofit_pos,1607212316,1607113836
457,X_prec_width_nofit_nofit_pos,1607212316,1607113836
458,X_prec_width_fit_fit_pos_lj,1607212316,1607113836
459,X_prec_width_fit_fit_zero_lj,1607212316,1607113836
460,X_prec_width_nofit_fit_pos_lj,1607212316,1607113836
461,X_prec_width_fit_nofit_pos_lj,1607212316,1607113836
462,X_prec_width_nofit_nofit_pos_lj,1607212316,1607113836
463,X_prec_width_ff_pos_zp,1607212316,1607115074
464,X_prec_width_ff_zero_zp,1607212316,1607115074
465,X_prec_width_nf_pos_zp,1607212316,1607115074
466,X_prec_width_fn_pos_zp,1607212316,1607113836
467,X_prec_width_nn_pos_zp,1607212316,1607113836
468,X_prec_width_ff_pos_ljzp_ignoreflag,1607212316,1607113836
469,X_prec_width_ff_zero_ljzp_ignoreflag,1607212316,1607113836
470,X_prec_width_nf_pos_ljzp_ignoreflag,1607212316,1607113836
471,X_prec_width_fn_pos_ljzp_ignoreflag,1607212316,1607113836
472,X_prec_width_nn_pos_ljzp_ignoreflag,1607212316,1607113836
473,X_prec0val0_basic,1607212316,0
474,X_prec0val0_implicit,1607212316,0
475,X_prec0val0_w,1607212316,1607113836
476,X_prec0val0_w_impl,1607212316,1607113836
477,X_prec0val0_wlj,1607212316,1607113836
478,X_prec0val0_wlj_impl,1607212316,1607113836
479,new2019_star_1,1607209589,0
480,new2019_star_2,1607209589,0
481,new2019_star_3,1607209589,0
482,new2019_star_4,1607209589,0
483,new2019_star_5,1607209589,0
484,new2019_star_6,1607209589,0
485,new2019_star_7,1607209589,0
486,new2019_star_8,1607209589,0
487,new2019_star_9,1607209589,0
488,new2019_star_10,1607209589,0
489,new2019_negstar_1,1607209589,0
490,new2019_negstar_2,1607209589,0
491,new2019_negstar_3,1607209589,0
492,new2019_negstar_4,1607209589,0
493,new2019_negstar_5,1607209589,0
494,new2019_negstar_6,1607209589,0
495,new2019_negstar_7,1607209589,0
496,new2019_negstar_8,1607209589,0
497,new2019_negstar_9,1607209589,0
548,moul_c_1,1607209589,0
549,moul_c_2,1607209589,0
550,moul_c_3,1607209589,0
551,moul_c_4,1607209589,0
552,moul_c_5,1607209589,0
553,moul_c_5b,1607209589,0
554,moul_c_6,1607209589,0
555,moul_c_7,1607209589,0
556,moul_c_8,1607209589,0
557,moul_c_9,1607209589,0
558,moul_c_10,1607209589,0
559,moul_c_11,1607209589,0
560,moul_c_12,1607209589,0
561,moul_c_13,1607209589,0
562,moul_c_14,1607209589,0
563,moul_c_15,1607209589,0
564,moul_c_16,1607209589,0
565,moul_c_17,1607209589,0
566,moul_c_18,1607209589,0
567,moul_c_19,1607209589,0
568,moul_c_20,1607209589,0
569,moul_c_21,1607209589,0
570,moul_c_22,1607209589,0
571,moul_c_23,1607209589,0
572,moul_c_24,1607209589,0
573,moul_c_25,1607209589,0
574,moul_c_26,1607209589,0
575,moul_c_27,1607209589,0
576,moul_c_28,1607209589,0
577,moul_s_1,1607209589,0
578,moul_s_2,1607209589,0
579,moul_s_3,1607209589,0
580,moul_s_4,1607209589,0
581,moul_s_5_this_ones_a_doozy,1607209589,0
582,moul_d_1,1607209589,0
583,moul_d_2,1607209589,0
584,moul_d_3,1607209589,0
585,moul_d_4,1607209589,0
586,moul_d_5,1607209589,0
587,moul_d_6,1607209589,0
588,moul_d_7,1607209589,0
589,moul_d_8,1607209589,0
590,moul_d_9,1607209589,0
591,moul_d_10,1607209589,1607163811
592,moul_d_11,1607209589,1607163811
593,moul_d_12,1607209589,1607163811
594,moul_mix_1,1607209589,1607163811
595,moul_i_1,1607209589,0
596,moul_i_2,1607209589,0
597,moul_i_3,1607209589,0
598,moul_i_4,1607209589,0
599,moul_i_5,1607209589,0
600,moul_i_6,1607209589,0
601,moul_i_7,1607209589,0
602,moul_i_8,1607209589,0
603,moul_i_9,1607209589,0
604,moul_i_10,1607209589,1607163811
605,moul_i_11,1607209589,1607163811
606,moul_i_12,1607209589,1607163811
607,moul_u_1,1607209589,0
608,moul_u_2,1607209589,0
609,moul_u_3,1607209589,0
610,moul_u_4,1607209589,0
611,moul_u_5,1607209589,0
612,moul_u_6,1607209589,0
613,moul_u_7,1607209589,0
614,moul_u_8,1607209589,0
615,moul_u_9,1607209589,0
616,moul_u_10,1607209589,1607163811
617,moul_u_11,1607209589,1607163811
618,moul_u_12,1607209589,1607163811
619,moul_x_1,1607209589,1607091910
620,moul_x_2,1607209589,1607091910
621,moul_x_3,1607209589,1607091910
622,moul_x_4,1607209589,1607091910
623,moul_x_5,1607209589,1607091910
624,moul_x_6,1607209589,1607091910
625,moul_x_7,1607209589,1607091910
626,moul_x_8,1607209589,1607091910
627,moul_x_9,1607209589,1607091910
628,moul_x_10,1607209589,1607163811
629,moul_x_11,1607209589,1607163811
630,moul_x_12,1607209589,1607163811
631,moul_prec_1,1607209589,1607163811
632,moul_prec_3,1607209589,1607163811
633,moul_prec_4,1607209589,1607163811
634,moul_prec_5,1607209589,1607163811
635,moul_zeropad_1,1607209589,1607163811
636,moul_zeropad_2,1607209589,1607163811
637,moul_zeropad_3,1607209589,1607163811
638,moul_zeropad_4,1607209589,1607163811
639,moul_leftjusty_1,1607209589,1607163811
640,moul_leftjusty_2,1607209589,1607163811
641,moul_leftjusty_3,1607209589,1607163811
642,moul_leftjusty_4,1607209589,1607163811
643,moul_leftjusty_5,1607209589,1607163811
644,moul_leftjusty_6,1607209589,0
645,moul_leftjusty_7,1607209589,1607163811
646,moul_star_1,1607209589,1607163811
647,moul_star_2,0,1607209589
648,moul_star_3,1607209589,1607163811
649,moul_star_4,1607209589,1607163811
650,moul_star_5,1607209589,1607163811
651,mix_test_0,1607212376,1607163811
652,mix_test_1,1607212376,1607163811
653,mix_test_2,1607212376,1607163811
654,mix_test_3,1607212376,1607163811
655,mix_test_4,1607212376,1607163811
656,mix_test_5,1607212376,1607163811
657,mix_test_6,1607212376,1607163811
658,mix_test_7,1607212376,1607163811
659,mix_test_8,1607212376,1607163811
660,mix_test_9,1607212376,1607163811
661,mix_test_10,1607212376,1607163811
662,mix_test_11,1607212376,1607163811
663,mix_test_12,1607212376,1607163811
664,mix_test_13,1607212376,1607091910
665,mix_test_14,1607212376,1607163811
666,mix_test_15,1607212376,1607163811
667,mix_test_16,1607212376,1607163811
668,mix_test_17,1607212376,1607163811
669,mix_test_18,1607212376,1607163811
670,mix_test_19,1607212376,1607163811
671,mix_test_20,1607212376,1607163811
672,mix_test_21,1607212376,1607163811
673,mix_test_22,1607212376,1607091910
674,mix_test_23,1607212376,1607163811
675,mix_test_24,1607212376,1607163811
676,mix_test_25,1607212376,1607163811
677,mix_test_26,1607212376,1607163811
678,mix_test_27,1607212376,1607163811
679,mix_test_28,1607212376,1607163811
680,mix_test_29,1607212376,1607163811
681,mix_test_30,1607212376,1607163811
682,mix_test_31,1607212376,1607163811
683,mix_test_32,1607212376,1607163811
684,mix_test_33,1607212376,1607163811
685,mix_test_34,1607212376,1607163811
686,mix_test_35,1607212376,1607163811
687,mix_test_36,1607212376,1607163811
688,mix_test_37,1607212376,1607163811
689,mix_test_38,1607212376,1607163811
690,mix_test_39,1607212376,1607163811
691,mix_test_40,1607212376,1607163811
692,mix_test_41,1607212376,1607163811
693,mix_test_42,1607212376,1607163811
694,mix_test_43,1607212376,1607163811
695,mix_test_44,1607212376,1607163811
696,mix_test_45,1607212376,1607163811
697,mix_test_46,1607212376,1607163811
698,mix_test_47,1607212376,1607163811
699,mix_test_48,1607212376,1607163811
700,mix_test_49,1607212376,1607163811
701,mix_test_50,1607212376,1607163811
702,mix_test_51,1607212376,1607163811
703,mix_test_52,1607212376,1607163811
704,mix_test_53,1607212376,1607163811
705,mix_test_54,1607212376,1607163811
706,mix_test_55,1607212376,1607163811
707,mix_test_56,1607212376,1607163811
708,mix_test_57,1607212376,1607163811
709,mix_test_58,1607212376,1607163811
710,mix_test_59,1607212376,1607163811
711,mix_test_60,1607212376,1607163811
712,mix_test_61,1607212376,1607091910
713,mix_test_62,1607212376,1607163811
714,mix_test_63,1607212376,1607163811
715,mix_test_64,1607212376,1607163811
716,mix_test_65,1607212376,1607163811
717,mix_test_66,1607212376,1607163811
718,mix_test_67,1607212376,1607163811
719,mix_test_68,1607212376,1607163811
720,mix_test_69,1607212376,1607163811
721,mix_test_70,1607212376,1607163811
722,mix_test_71,1607212376,1607163811
723,mix_test_72,1607212376,1607163811
724,mix_test_73,1607212376,1607163811
725,mix_test_74,1607212376,1607163811
726,mix_test_75,1607212376,1607163811
727,mix_test_76,1607212376,1607163811
728,mix_test_77,1607212376,1607163811
729,mix_test_78,1607212376,1607163811
730,mix_test_79,1607212376,1607163811
731,mix_test_80,1607212376,1607163811
732,mix_test_81,1607212376,1607163811
733,mix_test_82,1607212376,1607163811
734,mix_test_83,1607212376,1607163811
735,mix_test_84,1607212376,1607163811
736,mix_test_85,1607212376,1607163811
737,mix_test_86,1607212376,1607163811
738,mix_test_87,1607212376,1607163811
739,mix_test_88,1607212376,1607163811
740,mix_test_89,1607212376,1607163811
741,mix_test_90,1607212376,1607163811
742,mix_test_91,1607212376,1607163811
743,mix_test_92,1607212376,1607163811
744,mix_test_93,1607212376,1607163811
745,mix_test_94,1607212376,1607163811
746,mix_test_95,1607212376,1607163811
747,mix_test_96,1607212376,1607163811
748,mix_test_97,1607212376,1607163811
749,mix_test_98,1607212376,1607163811
750,mix_test_99,1607212376,1607163811
751,mix_successive_0,1607212376,0
752,mix_successive_4,1607212376,1607091910
753,mix_successive_6,1607212376,0
754,mix_successive_10,1607212376,0
755,mix_successive_16,1607212376,1607091910
756,mix_successive_20,1607212376,1607163811
757,mix_successive_21,1607212376,1607091910
758,mix_successive_28,1607212376,0
759,mix_successive_30,1607212376,0
760,mix_successive_31,1607212376,1607091910
761,mix_successive_32,1607212376,1607091910
762,mix_successive_39,1607212376,0
763,mix_successive_40,1607212376,1607091910
764,mix_successive_42,1607212376,1607091910
765,mix_successive_43,1607212376,1607091910
766,mix_successive_45,1607212376,0
767,mix_successive_46,1607212376,0
768,mix_successive_61,1607212376,1607163811
769,mix_successive_64,1607212376,0
4186,d_neg_prec_star_01,1607212325,0
4187,d_neg_prec_star_02,1607212325,0
4188,d_neg_prec_star_03,1607212325,0
4189,u_neg_prec_star_01,1607212318,0
4190,u_neg_prec_star_02,1607212318,0
4191,u_neg_prec_star_03,1607212318,0
4192,notintsubject_o_neg_prec_star_01,0,1607209589
4193,notintsubject_o_neg_prec_star_02,0,1607209589
4194,notintsubject_o_neg_prec_star_03,0,1607209589
4195,x_neg_prec_star_01,1607212314,1607113799
4196,x_neg_prec_star_02,1607212314,1607113799
4197,x_neg_prec_star_03,1607212314,1607113799
4198,X_neg_prec_star_01,1607212316,1607113836
4199,X_neg_prec_star_02,1607212316,1607113836
4200,X_neg_prec_star_03,1607212316,1607113836
4201,s_neg_prec_star_01,1607212313,1607117118
4202,s_neg_prec_star_02,1607212313,1607117118
4203,p_neg_prec_star_01,1607209589,1607163811
4204,p_neg_prec_star_02,1607209589,1607163811
4205,p_neg_prec_star_03,1607209589,1607163811
4206,p_neg_prec_star_04,1607209589,1607163811
